modelo,real,pred
Transformer,thien-dao-game-thu,999013 n3668
Transformer,664468 crested tern,716ney keremey dree
Transformer,+290-580-463-143-95-330,www.rtisttrinaicveresereba4036
Transformer,ronnie davidson,bm-@vesrhe/eallerst/7354k-iste
Transformer,548-627-7820,sendinczioaletbesl
Transformer,5693 jacob fork river road,+53-956-61(aeliellel-kgrta
Transformer,7837 spring break terrace,www.pwostlang.obrg/2
Transformer,jnhswf.com/linn-county-leader,menece )foldy
Transformer,302-910-3504,www.sautarnta.com
Transformer,jess mullen,ntnda-rrery/erato-stagelbanno
Transformer,sasha quinn,439-98059-445-44-jai
Transformer,www.tamtamtorino.it/ganaron,107p://mvongn-lelagms
Transformer,3920 bob hayes,+265-042-659
Transformer,www.gjs.moa.gov.cn,+51-503-8lurnaomave.comyom
Transformer,774-561-6120,9026 galilwe
Transformer,+7-1856-24376,+991-?$lesoy.by
Transformer,703-847-0964,hobsin je rubres drowade
Transformer,/gaogaiga2000,"+,biny heridr"
Transformer,288-035-2251,9067 nobrhfe fourir 84530
Transformer,https://cars.trovit.ae/28370,29g
Transformer,3007 stone court,931-783-28-92-dengegsohon6/605
Transformer,nyelvmuveles.hu,mb&/rloane[vinomomapel)pgobla
Transformer,2245 winston hill,w27$sprboruzz.com/6hiqun.comconystuuerl
Transformer,7393 east pitcairn road,www.somonez/toreq
Transformer,+30-634-19-518-07,5250 pork
Transformer,candi evans,+24:reriorepom.=-au/cki
Transformer,752-573-2075,6357 ca
Transformer,392 bassemier lane,1094srar/thic1-paraachaduba
Transformer,daynursery,haghascooo=wow-kies.com
Transformer,8890 private road 3720,193 ddjand lule
Transformer,+211-424-1581-40,stte44.torklmeraja/
Transformer,9838 ben mac,5731 laner) toace
Transformer,99915 rosa court,",51-6 c cors"
Transformer,monstock.app,hikatap)-kedr6-mareg.206653m
Transformer,+247-675-4451-24,5228 fesths ro) civen
Transformer,511-705-4298,ckalawe urt+
Transformer,/hwkiawest/09006/,www.engrenbaneine!a50
Transformer,437-107-2971,o%20rsoy/ckrns-161domepo
Transformer,749 polte,709-597-7963
Transformer,6169 valley view parks,+431-69-7773
Transformer,lorie snow,1631 noll she#ne rard
Transformer,1115 paradise meadow,4514 pall'e cri049
Transformer,www.broomebeachresort.com,53 5004c+8ecks cor+e
Transformer,/an-sangmoon/,+91-k*oosn
Transformer,981396 3sl,7 dedrokethe ser
Transformer,https://www.pintradingdb.com,+44worenell-wad-bomomello
Transformer,www.troispourcent.com,3633 k cat
Transformer,raymond russo,www.arwaveeietagent0.com/
Transformer,399-802-1229,+260-116-8361
Transformer,242 blackhawk ridge way,s/conlleneel84jiner.c3m.it
Transformer,914-353-4888,267-9799-952-66-9717;
Transformer,333701 kresswood drive,hatp://wwdheer
Transformer,7921 raven cross court,@44-tin qe@0ethe%
Transformer,www.filmdb.it,1392 zat ckrsun0
Transformer,+45-39-007-1887,gari)
Transformer,jami mcfarland,949-1_herlch-lay
Transformer,678-144-0904,3786 soend
Transformer,federico pearson,somauze sano5
Transformer,judd terrell,wwwsp://f-0093
Transformer,+229-49-7844-15-687-99,www.btoonkimatele-de sox7806w
Transformer,www.axiomadrama.gr,nale40.thr.com
Transformer,acth,884-936-0980
Transformer,+508-2872-02-83-39-57,6640 ourine ro6
Transformer,belo-shveyka.ru/105,319 sen#t wepar roasteglive
Transformer,96839 tyler rhyne trail,b190/me4ufhust.rul~k85ot[su/
Transformer,8381 pvt rd 5039,597luere nchene
Transformer,794-055-7161,zie0* coralese
Transformer,www.pcmrace.com,p-zills133050.comat
Transformer,8254 haywood smith,!adaigile.eailootz/daizss.co.r
Transformer,rebekah choi,9969 skeri javene
Transformer,www.lemon.co.jp,b#r-ba tount
Transformer,924-853-0863,v.1coluneommety.com/
Transformer,2171 rivers edge ter,%'8-cllz_5005752=rtwjps
Transformer,5730 pvt rd 4141,+40-450-0582
Transformer,deshojador/winter-fashion,yopuanlconttnedtz.r/
Transformer,9918 fox meadow trail,keman ynuager
Transformer,+93-744-737,78an hell
Transformer,6738 co 5670,www.s-ssemate21.com77~
Transformer,968-068-5236,hersag sde0
Transformer,http://goner-records.com/,1396 rona %tran
Transformer,la-mejor-dama-honor/equindiee,menllaptof ndrir'
Transformer,6676 district 15 road,21-656-570-35-32
Transformer,www.sagittarioclub.com,++75$-08ces
Transformer,mio-footwear/refugee,7953 huth selere spll'
Transformer,701 sw 73rd xing,531-63249'e=soac8
Transformer,61 don lott,133 nigr so88ta
Transformer,https://www.spbuszkowo.pl,+26$-36#o&/ppelquc.com
Transformer,https://www.senterungdommen.no,zadonakynerduba
Transformer,+92-40-06-02-34-8588,nerotenenkattubudi
Transformer,bernard oneill,(r(enpo
Transformer,76 colton way,+86-518-6chray
Transformer,1165 huge creek,190 meste r
Transformer,4733 0189,77120bile.com/tasran
Transformer,7380 goldgulch,9571 kotashm str
Transformer,mariel tucker,nbrencumallanuresai
Transformer,bambi cameron,+90-425-6737
Transformer,stray-mag.html,olesaratanaueri-ra+5815/r rolna(
Transformer,+20-4703-88149,ptockaldpondol-80-s.cou
Transformer,/temple_detail,6266 lanemch
Transformer,99432 sacks street,394 'ay spre
Transformer,/birthday+sex,165-808-3699
Transformer,+245-7524-3750-77,80686 clith
Transformer,via-piero-gobetti/brandi-love,327-976-456-252-39901
Transformer,+976-5197-63885,"eninckelef,kiclafataynara/"
Transformer,lasarboledasmx/att-internet-tv,5346 jowereack 76t-t celm/
Transformer,+351-49-6398-05-27820,+97-7027-2351
Transformer,+247-3371-90909,/camraru860803
Transformer,19546,wwwqurart
Transformer,627-626-9159,listea chootrs+
Transformer,atoldasrocas.com.br,jensa
Transformer,+963-6799-38,326=has
Transformer,/porr/discapacidad-motora/,snongarfimb74det.s/
Transformer,fernando walls,209 sodain ch cok
Transformer,samir andrade,2930 cawncl0
Transformer,webthesis.biblio.polito.it,6916 sot1
Transformer,kimberlee bridges,
Transformer,322019,3916 na~ad rilense droacn
Transformer,revistaorsai.com/ackermans,ckalxh phanz adid
Transformer,963-209-8448,jace02.aninerm/7mad~4-:_f8755
Transformer,296-122-5748,
Transformer,694-918-5528,659_waganmurle%
Transformer,jerod ochoa,www.bvitttepi/z.net
Transformer,9349 atkinson drive,www.ba(bu1anntgma
Transformer,7978 fairlane meadows,stagay foysea
Transformer,https://antario.es,"malo.41&/5/xai,.com/"
Transformer,www.architektur-online.com,benewipalell-ad
Transformer,recruit.cmcnu.or.kr/6199,owenurere%50
Transformer,83 usvi hwy 75e,www.lonederinsthe)dg.cm
Transformer,kelley neal,764-147-49066-28=oo
Transformer,6838 haia,+26: nofind rrou cace?w rid
Transformer,259-411-1655,no550cus-usek/
Transformer,4517 de isidro,1ho.lddtongeubobs/pices-15167200$248/284305259_
Transformer,920 rosehall lane,an&dbeneprat.om
Transformer,personeel/dplace/,"www.rmacscide,ra stve"
Transformer,1194 la pine drive,82416 lilaby
Transformer,m-advice.co.jp/boosela,/cuniscoho[801
Transformer,meadowview-school,/colenoruhate
Transformer,nauka/amatersky-volejbal-4-2,g98-bilstrnagaki-pa
Transformer,596-033-4046,nowmes-wpagrs.com
Transformer,9700 suffolk hollow,stkepsins.com/peanemico
Transformer,9345 happy dirt,gal=b~e
Transformer,2753 cool shady drive,www.mearamax.comase1896353#4$1
Transformer,16 heavenly gate,colldwfiobs/ancanadbi
Transformer,134 rudyard street,www.innp
Transformer,lucy larsen,www.fsagarama-venmeats.ou#y
Transformer,984-608-9042,5692 feg demeerer
Transformer,9457 28th terace,hanasp:/www.com/rnadastiti
Transformer,+55-0389-8807-962,988-153-4385
Transformer,+81-39-0775-5085-28,224-559-3622
Transformer,ktyksymy.medhh.ru,helelitarer-budes/
Transformer,131-700-5865,dahebin/www.73kecjauaiquen.comuukukuuuu?muuuuuyuuukuku6uukukuuu
Transformer,vcmachinohills.com,ibchag.sonini-6-ezo:
Transformer,2017 6520,venenea!:6/wohax
Transformer,126 chatnam dr,5790 hosaee spxns
Transformer,vicente gordon,999501 linere
Transformer,+387-765-3343-38-8004,www.tigaudavitinx.com/
Transformer,www.rew.ca/wilson/prado-2,+69!-4091-567-325-38
Transformer,2813 karapat,ww+echehesoriatetu;885w=-h-ain
Transformer,gemalde-tiere,gheuea sanorton ?nue
Transformer,www.smyz.net/mos_akigami,www.s/sasandintotes-s.com_u
Transformer,231656 old corydon geneva road,dertep/moconedabmpe
Transformer,935502 north peak street,faniha newesthen
Transformer,680-394-5217,+23-323-6769
Transformer,tosha gross,vjonda zellmerea
Transformer,horace mason,6929 s96
Transformer,8846 alburmar,8916 nchns eanck
Transformer,usui/pais/wantirna/,www.ibueautank.cop/meatesit
Transformer,naallely1,maschas#-c@kzntullesy=edi
Transformer,vivian nicholson,159 keuto
Transformer,https://animalls.co.kr/10792/,790523 fenlk
Transformer,2 play satin beauty,904nda foy brad droad
Transformer,526 henry branch road,1ww.palbumatnunongest$0155574
Transformer,8107 pcr 826,+62-5069-4617
Transformer,www.nordicnames.de/,www.besciraiz
Transformer,2363 black walnut flats,1$benthnch/hrera60-1*
Transformer,dixie harris,133-604-93'oiomp/hmedo2gst
Transformer,www.gov.uk/acp-pharmacy/14046/,jopy drelinst hadgst
Transformer,5616 liberty square drive,5 wenolva(ee
Transformer,+91-8423-83155,antp://cu/(_pfderadraiongo
Transformer,182-100-1786,9597 datelta
Transformer,www.findaspider.org.au,498-3yo.nedu/922*mbuz[/
Transformer,+670-8244-666,hdaly lick lole
Transformer,http://noshemet.wordpress.com,www.trddaink.com/em/quaya%
Transformer,/raymond-diaz/ma-commande.html,/w95-tykyecurorierino.com
Transformer,851 bill stansberry,269 nollsthe llujue
Transformer,210915 timber ridge trail,www.tahiabefinemacurars.ast
Transformer,sou711.hatenablog.com,712)oran cranoy
Transformer,/uni/allied-mobility/907,sde jewsth/
Transformer,yamaha-dsp-a970.510448/,n/frt://wwwg
Transformer,421 west 109th street north,46402 /llint
Transformer,www.mamasandpapas.com/pth200/,www3./gel83-kambonteck
Transformer,free-douga-search.com, brilbrod doea
Transformer,2666 catherga ln,'g:1 crencal yave l6!e
Transformer,8749 arhaus,43 so kespagast
Transformer,/financialorg/lawrence-durrell,"6,r7i0.romunsm/rma"
Transformer,333-571-8448,zwanon wikges
Transformer,bart herrera,www.pameg.yslomasman.com/
Transformer,6698 givens ch road,4949 olack 1t
Transformer,399-368-0800,www.upou/talickagstt.m
Transformer,1088 west aberdeen street,dazarame?de=perte_7423jgo866
TCN,thien-dao-game-thu,gmc75ed6lb/kkt7d.79yc8;r2
TCN,664468 crested tern,t01rp
TCN,+290-580-463-143-95-330,mi8srr1lwp5vm6-3ow .-8 7aa2 e cnnh ew.e.ed -n41
TCN,ronnie davidson,cly1scm o-3wf@0pu5inoobdhlabo/2derstvue-n  l.o8vt4y_uwe8ouoe
TCN,548-627-7820,omsu2337e2.w lnwawcd$ltrydeiiiw5i o9ri
TCN,5693 jacob fork river road,se7a9o6o
TCN,7837 spring break terrace,2
TCN,jnhswf.com/linn-county-leader,w(ant+u
TCN,302-910-3504,2xesy4di776-l bto2b9 2 /a
TCN,jess mullen,%.2%en$r8ossio.h(oh/srta9dtes'
TCN,sasha quinn,ci7kl4l 0sd-h0be5
TCN,www.tamtamtorino.it/ganaron,75 9yoe.oa2
TCN,3920 bob hayes,/..
TCN,www.gjs.moa.gov.cn,
TCN,774-561-6120,7s2urpc8aeu
TCN,+7-1856-24376,64
TCN,703-847-0964,ruho2.tl8?
TCN,/gaogaiga2000,3mrtp*dtxcl e471e w9_i3es:odooem
TCN,288-035-2251,@ew
TCN,https://cars.trovit.ae/28370,3z
TCN,3007 stone court,zzq8bc7i-3w*e0r1-r l+gooohrs ew84
TCN,nyelvmuveles.hu,ve1
TCN,2245 winston hill,do=1 ot
TCN,7393 east pitcairn road,
TCN,+30-634-19-518-07,7;
TCN,candi evans, wii4.7twh-
TCN,752-573-2075,er.l3buis 6 e rex-83eat 5-cuerk5b535l1lbf&etpit6hi-gc-o
TCN,392 bassemier lane,oer /-*
TCN,daynursery,r9hlnh nttore8wgd7n/eu
TCN,8890 private road 3720,e47dt_ ir
TCN,+211-424-1581-40,r9ugfmaek2plrg4v9a2rl-6aael4
TCN,9838 ben mac,1
TCN,99915 rosa court,rhh7wo+rw3a6na5a2eha0
TCN,monstock.app,he15p5cs-eih/oy5kor
TCN,+247-675-4451-24,9o0)2ydadw_gbt-
TCN,511-705-4298,resat&tp3-too
TCN,/hwkiawest/09006/,"erosii',"
TCN,437-107-2971,tcl15+ 0o
TCN,749 polte,eo-0ao24=
TCN,6169 valley view parks,e9git
TCN,lorie snow,ei9
TCN,1115 paradise meadow,019t 62do8ae32n o.ee79h)1g1er3eovl
TCN,www.broomebeachresort.com,s2y91-o2 l.i-saa=epte1e6;o9e73s
TCN,/an-sangmoon/,ice
TCN,981396 3sl,648p s48oa9
TCN,https://www.pintradingdb.com,/k#1
TCN,www.troispourcent.com,sap 694wttcn-l9ua9et2d7u54
TCN,raymond russo,ao75aessm94-82i 8w a2n0i.57
TCN,399-802-1229,re4erw9c/o9fw@-i ea2ie31ln-1l5k/5e2p6s  3eah665o ha235gitt
TCN,242 blackhawk ridge way,nnk614-e 6
TCN,914-353-4888, se
TCN,333701 kresswood drive,"4t,3"
TCN,7921 raven cross court,'bjnlo)
TCN,www.filmdb.it,j!p1mteiho ) w.e8ry%9.d55le0s11
TCN,+45-39-007-1887,fcua-uta[e+4io2ra-75 -t-c0e5r71or.a-5l
TCN,jami mcfarland,w7u  a2n u9i-y7lt5
TCN,678-144-0904,"ltl58-tt.imcak5y/e,"
TCN,federico pearson,5r-ch
TCN,judd terrell, s4rbe94-h
TCN,+229-49-7844-15-687-99,mraupm/ ht6
TCN,www.axiomadrama.gr,6plul.-0vrse(uwn---nm002e.l2l9esaa- 
TCN,acth,c0se.
TCN,+508-2872-02-83-39-57,hk
TCN,belo-shveyka.ru/105,al
TCN,96839 tyler rhyne trail,6ytismiuraavr
TCN,8381 pvt rd 5039,;plp nn 3y9 3kk-dyira-iroe c-fe
TCN,794-055-7161,b9ycned!9c/9aroet
TCN,www.pcmrace.com,y-d9shni
TCN,8254 haywood smith,1ler/a@1ls
TCN,rebekah choi, anj/3 d1eod.0neve46. u-%o.wl9cveds
TCN,www.lemon.co.jp,6io55crtpvz--j
TCN,924-853-0863,l
TCN,2171 rivers edge ter,e2ztpwe o3m%j.vn s9i6a.f6o-dm-+ae/66cneago o0od7etfrb
TCN,5730 pvt rd 4141,4tsr
TCN,deshojador/winter-fashion,u(3+nz
TCN,9918 fox meadow trail,tcrtr8 ut3 8d8l  i5 9nc17ho6i3i3
TCN,+93-744-737,9itoeh
TCN,6738 co 5670,m-
TCN,968-068-5236,eqmre6iewl.6r-ind15e . tetcamira
TCN,http://goner-records.com/,hlt9t4dcw0
TCN,la-mejor-dama-honor/equindiee,3d7gz6lc59
TCN,6676 district 15 road,.+tst1cotsceri lafint40dwv&=k85-wewoa/~tr/
TCN,www.sagittarioclub.com,b
TCN,mio-footwear/refugee,tee6oo wog l11-n8c 
TCN,701 sw 73rd xing,67npiwg.w2fojw7*d-/t
TCN,61 don lott,6ni
TCN,https://www.spbuszkowo.pl,e.-9t/pn9+@
TCN,https://www.senterungdommen.no,a3-p(um3t7aawibt5hck+e4uei0-js
TCN,+92-40-06-02-34-8588,8inl1
TCN,bernard oneill,om
TCN,76 colton way,50ooua3e1*br8 2h13nngi
TCN,1165 huge creek,o7p1a5p-11599o- ee huqcasocr- eolr5.7-6
TCN,4733 0189,i-0&dtecai5 noe
TCN,7380 goldgulch,e5e8r 7.y 5 5
TCN,mariel tucker,a.r$i pl4rta/a~qkaoerc-m l na6o2gd
TCN,bambi cameron,2qweogy6bg45
TCN,stray-mag.html,e
TCN,+20-4703-88149,ein3icrui_t-a
TCN,/temple_detail,0*oeorooee7i-
TCN,99432 sacks street,r2uler5nmh 2w93a3r..-0w2a-alo7f7~%l6.rj
TCN,/birthday+sex,(8/ra0e218-luoe)rie61rawola11a5-
TCN,+245-7524-3750-77,n cieeretlunnr?2yohg)-k
TCN,via-piero-gobetti/brandi-love,ocor1128e
TCN,+976-5197-63885,"(iw-o[o5ir 178mn5,85.it-"
TCN,lasarboledasmx/att-internet-tv,t@3n4
TCN,+351-49-6398-05-27820,0a-2t-ea
TCN,+247-3371-90909,a ce4li6  o.twrl4el7itrn2
TCN,19546,39p- .23dx3u9uv7s ts3
TCN,627-626-9159,1ogvl6 
TCN,atoldasrocas.com.br,bt9aa/udom-re.lae
TCN,+963-6799-38,6 i:c67ed7-wg1 eima09 6usel3rn9e:oli
TCN,/porr/discapacidad-motora/,93-4.3280vm7lxe-aa %t621srn#tto/5ta
TCN,fernando walls,.edr8@eepea0&p05j3dlwc5w-dwi00nanoppw58t6s-4l4lomtb5
TCN,samir andrade,rrrya11
TCN,webthesis.biblio.polito.it,313 ga952/ei460 4r 9naw6b3a84wp-dmi5on/-nksr6eo?h.omcr/m
TCN,kimberlee bridges, we6td1g2j-30smle65k
TCN,322019,6 :e1urlettie
TCN,revistaorsai.com/ackermans,ntiak.dr
TCN,963-209-8448,-at 9b
TCN,296-122-5748,n6u4tin 3mc5da c0 2rgk507ras *
TCN,694-918-5528,67wv3o
TCN,jerod ochoa,ji~o+t3+ 86n'-t+e9ruhhst$6 feslgri/4urhfhd1ie1377%9q8e2 tk-elua
TCN,9349 atkinson drive,l-o@-0et0r6e5hedslfr.ad
TCN,7978 fairlane meadows, 7u0ed$
TCN,https://antario.es,a6 68/99caw k1sd9i3m
TCN,www.architektur-online.com,v/o6;5er l9wt3-oro jdsi/n5v1nr-1t9
TCN,recruit.cmcnu.or.kr/6199,r-e95kv6ua -r9rosirk9d-i8
TCN,83 usvi hwy 75e,/c8ia9
TCN,kelley neal,ws-nd7
TCN,6838 haia,trd-54n8a9-..rfcm507-4eueo/2a+ cu.-fmi..7e4.a3m62o72e/ya6ibh2l 
TCN,259-411-1655, a8i-
TCN,4517 de isidro,/e55t$s38sw.963/1eota[kl-ntr6-.ek-o0 eica--e-.-duti952
TCN,920 rosehall lane, boi lm.o2vwallr ict
TCN,personeel/dplace/,t6a9 str.8og.p2na7i-8hec0/_otl
TCN,1194 la pine drive,orco
TCN,m-advice.co.jp/boosela,enwe02t-u82 e@yea7ag7.8r
TCN,meadowview-school,a1aerto+ocsarra9-aake6. a0o2'8bw:ne00aula5-d080- wi8ehr
TCN,nauka/amatersky-volejbal-4-2,"ltm025d6yiqra,+cm,d"
TCN,596-033-4046,8os5te.t8l
TCN,9700 suffolk hollow,nlr8 =me6cd-r  3a!-ethl4utmcs1   ofe4fse4
TCN,9345 happy dirt,"1 la awdll*l.eeoh2ez 8t,r5o7.r-s4y./7s4n1bt4--ee6srweyir"
TCN,2753 cool shady drive,ay)92dfi7w
TCN,16 heavenly gate,90fe rnpteeme-oolle ejow52/nmw/r
TCN,134 rudyard street,24/3 
TCN,lucy larsen,sow+i 
TCN,984-608-9042,eei5i c7a[=gt-ndi a8s&d0h2
TCN,9457 28th terace,a yde.9l9- 3ot
TCN,+55-0389-8807-962,essar71-eospt
TCN,+81-39-0775-5085-28,3a8*rj1 t6t153
TCN,ktyksymy.medhh.ru,0t 5/
TCN,131-700-5865,.8zhrri-v
TCN,vcmachinohills.com,w6a2o;4oalp
TCN,2017 6520,ctesh
TCN,126 chatnam dr,3tu5ed3-tsae45vmoi#etv$br0a.-aac5'eis5anrodt.-rykp-rswh44g9wh43
TCN,vicente gordon,
TCN,+387-765-3343-38-8004,w
TCN,www.rew.ca/wilson/prado-2,-0e 43'w42v6jr39.ah-t1/c73eczsk s0kw9u8ir7rw/em59f$a1i9poe
TCN,2813 karapat,
TCN,gemalde-tiere,a59p1?alrtokhyq5mn 
TCN,www.smyz.net/mos_akigami,ea4f73~m0l1-l-1oh5
TCN,231656 old corydon geneva road,5
TCN,935502 north peak street,ir+51u9.
TCN,680-394-5217,o
TCN,tosha gross,zp.g-k4io
TCN,horace mason, !oaiee+to03)tai
TCN,8846 alburmar,6s
TCN,usui/pais/wantirna/,ore-ytp6h:-tea3o-rl988r w fenlc 3ra9se1u6 lms8enms0l-cd:+7pd=3i
TCN,naallely1,ta+h2soi7 wnea8ieiu-b5glua.uevn+h na5ueek1on9g0craw
TCN,vivian nicholson,bo8a
TCN,https://animalls.co.kr/10792/,rjn3t
TCN,2 play satin beauty,mg- e ero.4tmlt38545al9a-9-n6[31rmr88ae:b+.31_ns3onwdc5.nu3. sh
TCN,526 henry branch road,ble&aewr5vech-r3.dh34_ort/jbb ltr r5-d92t
TCN,8107 pcr 826,slwre33ev3spz3
TCN,www.nordicnames.de/,lh9 ce
TCN,2363 black walnut flats,+/2e/k5t5
TCN,dixie harris,luuea2do6osp
TCN,www.gov.uk/acp-pharmacy/14046/, a r p[/
TCN,5616 liberty square drive,e@o7ote -u1+he wtswien.48rag3od-!sr9.o/8l 0c
TCN,+91-8423-83155,ow47o
TCN,182-100-1786,sfycc.f9 .n-8ta
TCN,www.findaspider.org.au,4it2eh
TCN,+670-8244-666,
TCN,http://noshemet.wordpress.com,- +n;w2outn iraeta/n
TCN,/raymond-diaz/ma-commande.html,e9m5usg01 ;urn9.g18vcs.m/ saebc1.ag66lt3la-tal+ah8d.dnore4eh
TCN,851 bill stansberry,438da4a3du c9ci2bcaira1eg
TCN,210915 timber ridge trail,ekgoon4iw-s4eosar4.- xrt
TCN,sou711.hatenablog.com,
TCN,/uni/allied-mobility/907,nrd
TCN,yamaha-dsp-a970.510448/,2.k-6oci 
TCN,421 west 109th street north,t9o9ht
TCN,www.mamasandpapas.com/pth200/,w
TCN,free-douga-search.com,-ngtrws4-jqn itye9so3c11 yx092srs
TCN,2666 catherga ln,ace5kt5tnn3l-[e76l. 5/ 7re8
TCN,8749 arhaus,me7%3et3.
TCN,/financialorg/lawrence-durrell,-tao
TCN,333-571-8448,wrs
TCN,bart herrera,n5es42cean3-m3-cn8e9k8
TCN,6698 givens ch road,
TCN,399-368-0800,rcs1a-0m 9u
TCN,1088 west aberdeen street,sy
